Nom,Prenom,Login
Smith,Tatum,tristique
Coleman,Priscilla,accumsan
Chaney,Roth,Cras
Cooley,Elton,penatibus
Cooke,Vielka,non
Duke,Bree,lacus.
Noble,Abel,eros
Ayers,Elaine,semper.
Franco,Alec,eleifend
Randall,Ronan,id
Bonner,Lane,"placerat,"
Jackson,Roary,ac
Oconnor,Shana,semper
Fletcher,Craig,Nam
Lloyd,Quamar,vitae
Rush,Maisie,"aliquet,"
Luna,Yvonne,libero
Clemons,Guy,ante
Potts,Kiona,"non,"
Armstrong,Elmo,in
Sweet,Callie,Sed
Kramer,Winifred,Suspendisse
Wagner,Ronan,accumsan
Hardy,Jocelyn,sagittis.
Potts,Wesley,volutpat.
Ellison,Jonah,malesuada
Daniel,Renee,erat.
Bryan,Autumn,ornare
Lawson,Evelyn,"erat,"
Landry,Germane,Sed
Burks,Claudia,sit
Gentry,Sybil,amet
Higgins,Irene,nisi
Rhodes,Galena,porttitor
Francis,Emi,Ut
Galloway,Todd,dolor
Zimmerman,Bernard,euismod
Pearson,Tarik,pharetra
Daniel,Hilel,Sed
Russo,Maile,eleifend
Curtis,Rae,placerat.
Hendrix,Mariam,at
Moran,Geraldine,quis
Galloway,Dominique,mi
Hunt,Liberty,dictum
Gallagher,Shelly,consequat
Rojas,Gemma,"leo,"
Cameron,Dustin,"placerat,"
Floyd,Maris,semper.
Rivas,Portia,Nunc
Morin,Galena,mattis
Howard,Karen,"pellentesque,"
Farrell,Samuel,et
Langley,Cara,placerat.
Madden,Sasha,purus.
Sharpe,Claudia,rhoncus.
Cannon,Shelley,arcu
Hamilton,Autumn,sed
Eaton,Kenyon,molestie
Harrison,Aretha,Aenean
Wiggins,Ian,vitae
Dejesus,Lunea,eros
Mack,Madaline,Donec
Rodriquez,Quinn,nulla.
Peters,Bianca,posuere
Nguyen,Bell,mattis.
Santos,Risa,Quisque
Owen,Hayfa,blandit
Perry,Darryl,sagittis
Rasmussen,Kellie,fringilla.
Mercer,Britanni,vulputate
Howe,Kirby,velit
Mann,Regina,"vitae,"
Oneil,Pandora,metus.
Barron,Baxter,odio.
Valentine,Ebony,non
French,Hammett,morbi
Bowman,Ina,ac
Raymond,Scott,in
Warren,Noble,ipsum.
Stanley,Logan,Nulla
Yang,Yolanda,tempus
Rowland,Baxter,netus
Carroll,Steel,pede.
Hunt,Steven,et
Sexton,Freya,diam.
Roberson,Drake,dui.
Fulton,Mason,mollis.
Dean,Akeem,Aenean
Romero,Aidan,dolor
Ewing,Neville,nec
Bauer,Brielle,"tempus,"
Chase,Britanni,"a,"
Mercer,Debra,tincidunt
Fleming,Amir,dui
Galloway,Kenneth,Sed
Burton,Fitzgerald,"lorem,"
Bonner,Lars,Curabitur
Randall,Fritz,molestie
Bennett,Gretchen,tempor